url,图片,名称,类别
http://app.hicloud.com/app/C10652857,"<img alt=""抖音短视频"" lazyload=""http://appimg.hicloud.com/hwmarket/files/application/icon144/8c07a6df9cd4451a812fc72a24b053e0.png"" onerror=""show_app_defult(this,'//app.hicloud.com/publish/static/plugin/');"" src=""http://emuirom.hicloud.com/dl/emuirom123/attachment/2016/11/07/133350dcdbe25b434c403d2fa33be5be_app_defult.png"" title=""抖音短视频""/>",抖音短视频,拍摄美化
http://app.hicloud.com/app/C33455,"<img alt=""快手"" lazyload=""http://appimg.hicloud.com/hwmarket/files/application/icon144/86e8139175a44b45ae3d61b031717667.png"" onerror=""show_app_defult(this,'//app.hicloud.com/publish/static/plugin/');"" src=""http://emuirom.hicloud.com/dl/emuirom123/attachment/2016/11/07/133350dcdbe25b434c403d2fa33be5be_app_defult.png"" title=""快手""/>",快手,拍摄美化
http://app.hicloud.com/app/C6045972,"<img alt=""HOLO桌面HD"" lazyload=""http://appimg.hicloud.com/hwmarket/files/application/icon144/443f6aecc1234abfa45415ecee325c18_1.png"" onerror=""show_app_defult(this,'//app.hicloud.com/publish/static/plugin/');"" src=""http://emuirom.hicloud.com/dl/emuirom123/attachment/2016/11/07/133350dcdbe25b434c403d2fa33be5be_app_defult.png"" title=""HOLO桌面HD""/>",HOLO桌面...,主题个性
http://app.hicloud.com/app/C10090437,"<img alt=""新浪彩票"" lazyload=""http://appimg.hicloud.com/hwmarket/files/application/icon144/d77fcea19425422587845bca291dfb1b_1.png"" onerror=""show_app_defult(this,'//app.hicloud.com/publish/static/plugin/');"" src=""http://emuirom.hicloud.com/dl/emuirom123/attachment/2016/11/07/133350dcdbe25b434c403d2fa33be5be_app_defult.png"" title=""新浪彩票""/>",新浪彩票,金融理财
http://app.hicloud.com/app/C5206,"<img alt=""美团"" lazyload=""http://appimg.hicloud.com/hwmarket/files/application/icon144/1405ccb1f503484198c14f2d1f909cd7.png"" onerror=""show_app_defult(this,'//app.hicloud.com/publish/static/plugin/');"" src=""http://emuirom.hicloud.com/dl/emuirom123/attachment/2016/11/07/133350dcdbe25b434c403d2fa33be5be_app_defult.png"" title=""美团""/>",美团,购物比价
http://app.hicloud.com/app/C10505945,"<img alt=""火山小视频"" lazyload=""http://appimg.hicloud.com/hwmarket/files/application/icon144/9f5bb4f20d1c4d97b6451db59aa2fd4f.png"" onerror=""show_app_defult(this,'//app.hicloud.com/publish/static/plugin/');"" src=""http://emuirom.hicloud.com/dl/emuirom123/attachment/2016/11/07/133350dcdbe25b434c403d2fa33be5be_app_defult.png"" title=""火山小视频""/>",火山小视频,拍摄美化
http://app.hicloud.com/app/C26008,"<img alt=""爱壁纸"" lazyload=""http://appimg.hicloud.com/hwmarket/files/application/icon144/51ece5fc3af843ca9888ac14e1f774b0.png"" onerror=""show_app_defult(this,'//app.hicloud.com/publish/static/plugin/');"" src=""http://emuirom.hicloud.com/dl/emuirom123/attachment/2016/11/07/133350dcdbe25b434c403d2fa33be5be_app_defult.png"" title=""爱壁纸""/>",爱壁纸,主题个性
http://app.hicloud.com/app/C10615071,"<img alt=""西瓜视频"" lazyload=""http://appimg.hicloud.com/hwmarket/files/application/icon144/9c80f47e50804541b8ea6d2b381ae62a.png"" onerror=""show_app_defult(this,'//app.hicloud.com/publish/static/plugin/');"" src=""http://emuirom.hicloud.com/dl/emuirom123/attachment/2016/11/07/133350dcdbe25b434c403d2fa33be5be_app_defult.png"" title=""西瓜视频""/>",西瓜视频,影音娱乐
http://app.hicloud.com/app/C10124262,"<img alt=""英语流利说"" lazyload=""http://appimg.hicloud.com/hwmarket/files/application/icon144/1afe6f00830247f6bd27432cc9544003.png"" onerror=""show_app_defult(this,'//app.hicloud.com/publish/static/plugin/');"" src=""http://emuirom.hicloud.com/dl/emuirom123/attachment/2016/11/07/133350dcdbe25b434c403d2fa33be5be_app_defult.png"" title=""英语流利说""/>",英语流利说,教育
http://app.hicloud.com/app/C138984,"<img alt=""正点闹钟pad版"" lazyload=""http://appimg.hicloud.com/hwmarket/files/application/icon144/fff318bcfbc64d7fb88f57b34cbc8da7_2.png"" onerror=""show_app_defult(this,'//app.hicloud.com/publish/static/plugin/');"" src=""http://emuirom.hicloud.com/dl/emuirom123/attachment/2016/11/07/133350dcdbe25b434c403d2fa33be5be_app_defult.png"" title=""正点闹钟pad版""/>",正点闹钟pad...,实用工具
http://app.hicloud.com/app/C10374976,"<img alt=""拼多多"" lazyload=""http://appimg.hicloud.com/hwmarket/files/application/icon144/0357d0356e43496786de5930526e175d.png"" onerror=""show_app_defult(this,'//app.hicloud.com/publish/static/plugin/');"" src=""http://emuirom.hicloud.com/dl/emuirom123/attachment/2016/11/07/133350dcdbe25b434c403d2fa33be5be_app_defult.png"" title=""拼多多""/>",拼多多,购物比价
http://app.hicloud.com/app/C10231827,"<img alt=""快看漫画"" lazyload=""http://appimg.hicloud.com/hwmarket/files/application/icon144/ea14319e756744edbcf401f09bebb8b5.png"" onerror=""show_app_defult(this,'//app.hicloud.com/publish/static/plugin/');"" src=""http://emuirom.hicloud.com/dl/emuirom123/attachment/2016/11/07/133350dcdbe25b434c403d2fa33be5be_app_defult.png"" title=""快看漫画""/>",快看漫画,新闻阅读
http://app.hicloud.com/app/C10067129,"<img alt=""Tchin"" lazyload=""http://appimg.hicloud.com/hwmarket/files/application/icon144/d8db67ec7eac49688d845de2210607de.png"" onerror=""show_app_defult(this,'//app.hicloud.com/publish/static/plugin/');"" src=""http://emuirom.hicloud.com/dl/emuirom123/attachment/2016/11/07/133350dcdbe25b434c403d2fa33be5be_app_defult.png"" title=""Tchin""/>",Tchin,教育
http://app.hicloud.com/app/C10056188,"<img alt=""建筑移动课堂"" lazyload=""http://appimg.hicloud.com/hwmarket/files/application/icon144/e7cef2f5836940619c4567daf280b7a1.png"" onerror=""show_app_defult(this,'//app.hicloud.com/publish/static/plugin/');"" src=""http://emuirom.hicloud.com/dl/emuirom123/attachment/2016/11/07/133350dcdbe25b434c403d2fa33be5be_app_defult.png"" title=""建筑移动课堂""/>",建筑移动课堂,教育
http://app.hicloud.com/app/C100244751,"<img alt=""贝壳找房"" lazyload=""http://appimg.hicloud.com/hwmarket/files/application/icon144/02c79be15fba4c21b1106b3b9da6ccac.png"" onerror=""show_app_defult(this,'//app.hicloud.com/publish/static/plugin/');"" src=""http://emuirom.hicloud.com/dl/emuirom123/attachment/2016/11/07/133350dcdbe25b434c403d2fa33be5be_app_defult.png"" title=""贝壳找房""/>",贝壳找房,便捷生活
http://app.hicloud.com/app/C10652857,"<img alt=""抖音短视频"" lazyload=""http://appimg.hicloud.com/hwmarket/files/application/icon144/8c07a6df9cd4451a812fc72a24b053e0.png"" onerror=""show_app_defult(this,'//app.hicloud.com/publish/static/plugin/');"" src=""http://emuirom.hicloud.com/dl/emuirom123/attachment/2016/11/07/133350dcdbe25b434c403d2fa33be5be_app_defult.png"" title=""抖音短视频""/>",抖音短视频,拍摄美化
http://app.hicloud.com/app/C33455,"<img alt=""快手"" lazyload=""http://appimg.hicloud.com/hwmarket/files/application/icon144/86e8139175a44b45ae3d61b031717667.png"" onerror=""show_app_defult(this,'//app.hicloud.com/publish/static/plugin/');"" src=""http://emuirom.hicloud.com/dl/emuirom123/attachment/2016/11/07/133350dcdbe25b434c403d2fa33be5be_app_defult.png"" title=""快手""/>",快手,拍摄美化
http://app.hicloud.com/app/C6045972,"<img alt=""HOLO桌面HD"" lazyload=""http://appimg.hicloud.com/hwmarket/files/application/icon144/443f6aecc1234abfa45415ecee325c18_1.png"" onerror=""show_app_defult(this,'//app.hicloud.com/publish/static/plugin/');"" src=""http://emuirom.hicloud.com/dl/emuirom123/attachment/2016/11/07/133350dcdbe25b434c403d2fa33be5be_app_defult.png"" title=""HOLO桌面HD""/>",HOLO桌面...,主题个性
http://app.hicloud.com/app/C10090437,"<img alt=""新浪彩票"" lazyload=""http://appimg.hicloud.com/hwmarket/files/application/icon144/d77fcea19425422587845bca291dfb1b_1.png"" onerror=""show_app_defult(this,'//app.hicloud.com/publish/static/plugin/');"" src=""http://emuirom.hicloud.com/dl/emuirom123/attachment/2016/11/07/133350dcdbe25b434c403d2fa33be5be_app_defult.png"" title=""新浪彩票""/>",新浪彩票,金融理财
http://app.hicloud.com/app/C5206,"<img alt=""美团"" lazyload=""http://appimg.hicloud.com/hwmarket/files/application/icon144/1405ccb1f503484198c14f2d1f909cd7.png"" onerror=""show_app_defult(this,'//app.hicloud.com/publish/static/plugin/');"" src=""http://emuirom.hicloud.com/dl/emuirom123/attachment/2016/11/07/133350dcdbe25b434c403d2fa33be5be_app_defult.png"" title=""美团""/>",美团,购物比价
http://app.hicloud.com/app/C10505945,"<img alt=""火山小视频"" lazyload=""http://appimg.hicloud.com/hwmarket/files/application/icon144/9f5bb4f20d1c4d97b6451db59aa2fd4f.png"" onerror=""show_app_defult(this,'//app.hicloud.com/publish/static/plugin/');"" src=""http://emuirom.hicloud.com/dl/emuirom123/attachment/2016/11/07/133350dcdbe25b434c403d2fa33be5be_app_defult.png"" title=""火山小视频""/>",火山小视频,拍摄美化
http://app.hicloud.com/app/C26008,"<img alt=""爱壁纸"" lazyload=""http://appimg.hicloud.com/hwmarket/files/application/icon144/51ece5fc3af843ca9888ac14e1f774b0.png"" onerror=""show_app_defult(this,'//app.hicloud.com/publish/static/plugin/');"" src=""http://emuirom.hicloud.com/dl/emuirom123/attachment/2016/11/07/133350dcdbe25b434c403d2fa33be5be_app_defult.png"" title=""爱壁纸""/>",爱壁纸,主题个性
http://app.hicloud.com/app/C10231827,"<img alt=""快看漫画"" lazyload=""http://appimg.hicloud.com/hwmarket/files/application/icon144/ea14319e756744edbcf401f09bebb8b5.png"" onerror=""show_app_defult(this,'//app.hicloud.com/publish/static/plugin/');"" src=""http://emuirom.hicloud.com/dl/emuirom123/attachment/2016/11/07/133350dcdbe25b434c403d2fa33be5be_app_defult.png"" title=""快看漫画""/>",快看漫画,新闻阅读
http://app.hicloud.com/app/C10124262,"<img alt=""英语流利说"" lazyload=""http://appimg.hicloud.com/hwmarket/files/application/icon144/1afe6f00830247f6bd27432cc9544003.png"" onerror=""show_app_defult(this,'//app.hicloud.com/publish/static/plugin/');"" src=""http://emuirom.hicloud.com/dl/emuirom123/attachment/2016/11/07/133350dcdbe25b434c403d2fa33be5be_app_defult.png"" title=""英语流利说""/>",英语流利说,教育
http://app.hicloud.com/app/C73686,"<img alt=""搜狐视频HD"" lazyload=""http://appimg.hicloud.com/hwmarket/files/application/icon144/0b68e5fe4c3a4708898243320f80f717.png"" onerror=""show_app_defult(this,'//app.hicloud.com/publish/static/plugin/');"" src=""http://emuirom.hicloud.com/dl/emuirom123/attachment/2016/11/07/133350dcdbe25b434c403d2fa33be5be_app_defult.png"" title=""搜狐视频HD""/>",搜狐视频HD,影音娱乐
http://app.hicloud.com/app/C10615071,"<img alt=""西瓜视频"" lazyload=""http://appimg.hicloud.com/hwmarket/files/application/icon144/9c80f47e50804541b8ea6d2b381ae62a.png"" onerror=""show_app_defult(this,'//app.hicloud.com/publish/static/plugin/');"" src=""http://emuirom.hicloud.com/dl/emuirom123/attachment/2016/11/07/133350dcdbe25b434c403d2fa33be5be_app_defult.png"" title=""西瓜视频""/>",西瓜视频,影音娱乐
http://app.hicloud.com/app/C10374976,"<img alt=""拼多多"" lazyload=""http://appimg.hicloud.com/hwmarket/files/application/icon144/0357d0356e43496786de5930526e175d.png"" onerror=""show_app_defult(this,'//app.hicloud.com/publish/static/plugin/');"" src=""http://emuirom.hicloud.com/dl/emuirom123/attachment/2016/11/07/133350dcdbe25b434c403d2fa33be5be_app_defult.png"" title=""拼多多""/>",拼多多,购物比价
http://app.hicloud.com/app/C138984,"<img alt=""正点闹钟pad版"" lazyload=""http://appimg.hicloud.com/hwmarket/files/application/icon144/fff318bcfbc64d7fb88f57b34cbc8da7_2.png"" onerror=""show_app_defult(this,'//app.hicloud.com/publish/static/plugin/');"" src=""http://emuirom.hicloud.com/dl/emuirom123/attachment/2016/11/07/133350dcdbe25b434c403d2fa33be5be_app_defult.png"" title=""正点闹钟pad版""/>",正点闹钟pad...,实用工具
http://app.hicloud.com/app/C10067129,"<img alt=""Tchin"" lazyload=""http://appimg.hicloud.com/hwmarket/files/application/icon144/d8db67ec7eac49688d845de2210607de.png"" onerror=""show_app_defult(this,'//app.hicloud.com/publish/static/plugin/');"" src=""http://emuirom.hicloud.com/dl/emuirom123/attachment/2016/11/07/133350dcdbe25b434c403d2fa33be5be_app_defult.png"" title=""Tchin""/>",Tchin,教育
http://app.hicloud.com/app/C10187826,"<img alt=""美团外卖"" lazyload=""http://appimg.hicloud.com/hwmarket/files/application/icon144/5b4be27f70b54428ae9e57439eb1e4c2.png"" onerror=""show_app_defult(this,'//app.hicloud.com/publish/static/plugin/');"" src=""http://emuirom.hicloud.com/dl/emuirom123/attachment/2016/11/07/133350dcdbe25b434c403d2fa33be5be_app_defult.png"" title=""美团外卖""/>",美团外卖,美食
http://app.hicloud.com/app/C10374976,"<img alt=""拼多多"" lazyload=""http://appimg.hicloud.com/hwmarket/files/application/icon144/0357d0356e43496786de5930526e175d.png"" onerror=""show_app_defult(this,'//app.hicloud.com/publish/static/plugin/');"" src=""http://emuirom.hicloud.com/dl/emuirom123/attachment/2016/11/07/133350dcdbe25b434c403d2fa33be5be_app_defult.png"" title=""拼多多""/>",拼多多,购物比价
http://app.hicloud.com/app/C10652857,"<img alt=""抖音短视频"" lazyload=""http://appimg.hicloud.com/hwmarket/files/application/icon144/8c07a6df9cd4451a812fc72a24b053e0.png"" onerror=""show_app_defult(this,'//app.hicloud.com/publish/static/plugin/');"" src=""http://emuirom.hicloud.com/dl/emuirom123/attachment/2016/11/07/133350dcdbe25b434c403d2fa33be5be_app_defult.png"" title=""抖音短视频""/>",抖音短视频,拍摄美化
http://app.hicloud.com/app/C6045972,"<img alt=""HOLO桌面HD"" lazyload=""http://appimg.hicloud.com/hwmarket/files/application/icon144/443f6aecc1234abfa45415ecee325c18_1.png"" onerror=""show_app_defult(this,'//app.hicloud.com/publish/static/plugin/');"" src=""http://emuirom.hicloud.com/dl/emuirom123/attachment/2016/11/07/133350dcdbe25b434c403d2fa33be5be_app_defult.png"" title=""HOLO桌面HD""/>",HOLO桌面...,主题个性
http://app.hicloud.com/app/C10090437,"<img alt=""新浪彩票"" lazyload=""http://appimg.hicloud.com/hwmarket/files/application/icon144/d77fcea19425422587845bca291dfb1b_1.png"" onerror=""show_app_defult(this,'//app.hicloud.com/publish/static/plugin/');"" src=""http://emuirom.hicloud.com/dl/emuirom123/attachment/2016/11/07/133350dcdbe25b434c403d2fa33be5be_app_defult.png"" title=""新浪彩票""/>",新浪彩票,金融理财
http://app.hicloud.com/app/C9136,"<img alt=""唯品会"" lazyload=""http://appimg.hicloud.com/hwmarket/files/application/icon144/e5d522ed20334aa9b56be3035f8baa1a.png"" onerror=""show_app_defult(this,'//app.hicloud.com/publish/static/plugin/');"" src=""http://emuirom.hicloud.com/dl/emuirom123/attachment/2016/11/07/133350dcdbe25b434c403d2fa33be5be_app_defult.png"" title=""唯品会""/>",唯品会,购物比价
http://app.hicloud.com/app/C10615071,"<img alt=""西瓜视频"" lazyload=""http://appimg.hicloud.com/hwmarket/files/application/icon144/9c80f47e50804541b8ea6d2b381ae62a.png"" onerror=""show_app_defult(this,'//app.hicloud.com/publish/static/plugin/');"" src=""http://emuirom.hicloud.com/dl/emuirom123/attachment/2016/11/07/133350dcdbe25b434c403d2fa33be5be_app_defult.png"" title=""西瓜视频""/>",西瓜视频,影音娱乐
http://app.hicloud.com/app/C26008,"<img alt=""爱壁纸"" lazyload=""http://appimg.hicloud.com/hwmarket/files/application/icon144/27c6949bb3674684889840fb235caa9a.png"" onerror=""show_app_defult(this,'//app.hicloud.com/publish/static/plugin/');"" src=""http://emuirom.hicloud.com/dl/emuirom123/attachment/2016/11/07/133350dcdbe25b434c403d2fa33be5be_app_defult.png"" title=""爱壁纸""/>",爱壁纸,主题个性
http://app.hicloud.com/app/C57236,"<img alt=""今日头条"" lazyload=""http://appimg.hicloud.com/hwmarket/files/application/icon144/59b8eaa50d4646e290ce366bdece5a41.png"" onerror=""show_app_defult(this,'//app.hicloud.com/publish/static/plugin/');"" src=""http://emuirom.hicloud.com/dl/emuirom123/attachment/2016/11/07/133350dcdbe25b434c403d2fa33be5be_app_defult.png"" title=""今日头条""/>",今日头条,新闻阅读
http://app.hicloud.com/app/C10187826,"<img alt=""美团外卖"" lazyload=""http://appimg.hicloud.com/hwmarket/files/application/icon144/5b4be27f70b54428ae9e57439eb1e4c2.png"" onerror=""show_app_defult(this,'//app.hicloud.com/publish/static/plugin/');"" src=""http://emuirom.hicloud.com/dl/emuirom123/attachment/2016/11/07/133350dcdbe25b434c403d2fa33be5be_app_defult.png"" title=""美团外卖""/>",美团外卖,美食
http://app.hicloud.com/app/C73686,"<img alt=""搜狐视频HD"" lazyload=""http://appimg.hicloud.com/hwmarket/files/application/icon144/0b68e5fe4c3a4708898243320f80f717.png"" onerror=""show_app_defult(this,'//app.hicloud.com/publish/static/plugin/');"" src=""http://emuirom.hicloud.com/dl/emuirom123/attachment/2016/11/07/133350dcdbe25b434c403d2fa33be5be_app_defult.png"" title=""搜狐视频HD""/>",搜狐视频HD,影音娱乐
http://app.hicloud.com/app/C262,"<img alt=""去哪儿旅行"" lazyload=""http://appimg.hicloud.com/hwmarket/files/application/icon144/f7b9143b29294e3890fa096655a6f351.png"" onerror=""show_app_defult(this,'//app.hicloud.com/publish/static/plugin/');"" src=""http://emuirom.hicloud.com/dl/emuirom123/attachment/2016/11/07/133350dcdbe25b434c403d2fa33be5be_app_defult.png"" title=""去哪儿旅行""/>",去哪儿旅行,旅游住宿
http://app.hicloud.com/app/C10199294,"<img alt=""探探"" lazyload=""http://appimg.hicloud.com/hwmarket/files/application/icon144/97ef0ab5944f41f3935183ca637df8b8.png"" onerror=""show_app_defult(this,'//app.hicloud.com/publish/static/plugin/');"" src=""http://emuirom.hicloud.com/dl/emuirom123/attachment/2016/11/07/133350dcdbe25b434c403d2fa33be5be_app_defult.png"" title=""探探""/>",探探,社交通讯
http://app.hicloud.com/app/C138984,"<img alt=""正点闹钟pad版"" lazyload=""http://appimg.hicloud.com/hwmarket/files/application/icon144/fff318bcfbc64d7fb88f57b34cbc8da7_2.png"" onerror=""show_app_defult(this,'//app.hicloud.com/publish/static/plugin/');"" src=""http://emuirom.hicloud.com/dl/emuirom123/attachment/2016/11/07/133350dcdbe25b434c403d2fa33be5be_app_defult.png"" title=""正点闹钟pad版""/>",正点闹钟pad...,实用工具
http://app.hicloud.com/app/C10067129,"<img alt=""Tchin"" lazyload=""http://appimg.hicloud.com/hwmarket/files/application/icon144/d8db67ec7eac49688d845de2210607de.png"" onerror=""show_app_defult(this,'//app.hicloud.com/publish/static/plugin/');"" src=""http://emuirom.hicloud.com/dl/emuirom123/attachment/2016/11/07/133350dcdbe25b434c403d2fa33be5be_app_defult.png"" title=""Tchin""/>",Tchin,教育
http://app.hicloud.com/app/C5157,"<img alt=""携程旅行"" lazyload=""http://appimg.hicloud.com/hwmarket/files/application/icon144/019dc8c7126f42018ad33aff7298e3e9.png"" onerror=""show_app_defult(this,'//app.hicloud.com/publish/static/plugin/');"" src=""http://emuirom.hicloud.com/dl/emuirom123/attachment/2016/11/07/133350dcdbe25b434c403d2fa33be5be_app_defult.png"" title=""携程旅行""/>",携程旅行,旅游住宿
http://app.hicloud.com/app/C10374976,"<img alt=""拼多多"" lazyload=""http://appimg.hicloud.com/hwmarket/files/application/icon144/0357d0356e43496786de5930526e175d.png"" onerror=""show_app_defult(this,'//app.hicloud.com/publish/static/plugin/');"" src=""http://emuirom.hicloud.com/dl/emuirom123/attachment/2016/11/07/133350dcdbe25b434c403d2fa33be5be_app_defult.png"" title=""拼多多""/>",拼多多,购物比价
http://app.hicloud.com/app/C10652857,"<img alt=""抖音短视频"" lazyload=""http://appimg.hicloud.com/hwmarket/files/application/icon144/8c07a6df9cd4451a812fc72a24b053e0.png"" onerror=""show_app_defult(this,'//app.hicloud.com/publish/static/plugin/');"" src=""http://emuirom.hicloud.com/dl/emuirom123/attachment/2016/11/07/133350dcdbe25b434c403d2fa33be5be_app_defult.png"" title=""抖音短视频""/>",抖音短视频,拍摄美化
http://app.hicloud.com/app/C6045972,"<img alt=""HOLO桌面HD"" lazyload=""http://appimg.hicloud.com/hwmarket/files/application/icon144/443f6aecc1234abfa45415ecee325c18_1.png"" onerror=""show_app_defult(this,'//app.hicloud.com/publish/static/plugin/');"" src=""http://emuirom.hicloud.com/dl/emuirom123/attachment/2016/11/07/133350dcdbe25b434c403d2fa33be5be_app_defult.png"" title=""HOLO桌面HD""/>",HOLO桌面...,主题个性
http://app.hicloud.com/app/C10090437,"<img alt=""新浪彩票"" lazyload=""http://appimg.hicloud.com/hwmarket/files/application/icon144/d77fcea19425422587845bca291dfb1b_1.png"" onerror=""show_app_defult(this,'//app.hicloud.com/publish/static/plugin/');"" src=""http://emuirom.hicloud.com/dl/emuirom123/attachment/2016/11/07/133350dcdbe25b434c403d2fa33be5be_app_defult.png"" title=""新浪彩票""/>",新浪彩票,金融理财
http://app.hicloud.com/app/C9136,"<img alt=""唯品会"" lazyload=""http://appimg.hicloud.com/hwmarket/files/application/icon144/e5d522ed20334aa9b56be3035f8baa1a.png"" onerror=""show_app_defult(this,'//app.hicloud.com/publish/static/plugin/');"" src=""http://emuirom.hicloud.com/dl/emuirom123/attachment/2016/11/07/133350dcdbe25b434c403d2fa33be5be_app_defult.png"" title=""唯品会""/>",唯品会,购物比价
http://app.hicloud.com/app/C10615071,"<img alt=""西瓜视频"" lazyload=""http://appimg.hicloud.com/hwmarket/files/application/icon144/9c80f47e50804541b8ea6d2b381ae62a.png"" onerror=""show_app_defult(this,'//app.hicloud.com/publish/static/plugin/');"" src=""http://emuirom.hicloud.com/dl/emuirom123/attachment/2016/11/07/133350dcdbe25b434c403d2fa33be5be_app_defult.png"" title=""西瓜视频""/>",西瓜视频,影音娱乐
http://app.hicloud.com/app/C26008,"<img alt=""爱壁纸"" lazyload=""http://appimg.hicloud.com/hwmarket/files/application/icon144/27c6949bb3674684889840fb235caa9a.png"" onerror=""show_app_defult(this,'//app.hicloud.com/publish/static/plugin/');"" src=""http://emuirom.hicloud.com/dl/emuirom123/attachment/2016/11/07/133350dcdbe25b434c403d2fa33be5be_app_defult.png"" title=""爱壁纸""/>",爱壁纸,主题个性
http://app.hicloud.com/app/C57236,"<img alt=""今日头条"" lazyload=""http://appimg.hicloud.com/hwmarket/files/application/icon144/59b8eaa50d4646e290ce366bdece5a41.png"" onerror=""show_app_defult(this,'//app.hicloud.com/publish/static/plugin/');"" src=""http://emuirom.hicloud.com/dl/emuirom123/attachment/2016/11/07/133350dcdbe25b434c403d2fa33be5be_app_defult.png"" title=""今日头条""/>",今日头条,新闻阅读
http://app.hicloud.com/app/C10187826,"<img alt=""美团外卖"" lazyload=""http://appimg.hicloud.com/hwmarket/files/application/icon144/5b4be27f70b54428ae9e57439eb1e4c2.png"" onerror=""show_app_defult(this,'//app.hicloud.com/publish/static/plugin/');"" src=""http://emuirom.hicloud.com/dl/emuirom123/attachment/2016/11/07/133350dcdbe25b434c403d2fa33be5be_app_defult.png"" title=""美团外卖""/>",美团外卖,美食
http://app.hicloud.com/app/C73686,"<img alt=""搜狐视频HD"" lazyload=""http://appimg.hicloud.com/hwmarket/files/application/icon144/0b68e5fe4c3a4708898243320f80f717.png"" onerror=""show_app_defult(this,'//app.hicloud.com/publish/static/plugin/');"" src=""http://emuirom.hicloud.com/dl/emuirom123/attachment/2016/11/07/133350dcdbe25b434c403d2fa33be5be_app_defult.png"" title=""搜狐视频HD""/>",搜狐视频HD,影音娱乐
http://app.hicloud.com/app/C262,"<img alt=""去哪儿旅行"" lazyload=""http://appimg.hicloud.com/hwmarket/files/application/icon144/f7b9143b29294e3890fa096655a6f351.png"" onerror=""show_app_defult(this,'//app.hicloud.com/publish/static/plugin/');"" src=""http://emuirom.hicloud.com/dl/emuirom123/attachment/2016/11/07/133350dcdbe25b434c403d2fa33be5be_app_defult.png"" title=""去哪儿旅行""/>",去哪儿旅行,旅游住宿
http://app.hicloud.com/app/C10199294,"<img alt=""探探"" lazyload=""http://appimg.hicloud.com/hwmarket/files/application/icon144/97ef0ab5944f41f3935183ca637df8b8.png"" onerror=""show_app_defult(this,'//app.hicloud.com/publish/static/plugin/');"" src=""http://emuirom.hicloud.com/dl/emuirom123/attachment/2016/11/07/133350dcdbe25b434c403d2fa33be5be_app_defult.png"" title=""探探""/>",探探,社交通讯
http://app.hicloud.com/app/C138984,"<img alt=""正点闹钟pad版"" lazyload=""http://appimg.hicloud.com/hwmarket/files/application/icon144/fff318bcfbc64d7fb88f57b34cbc8da7_2.png"" onerror=""show_app_defult(this,'//app.hicloud.com/publish/static/plugin/');"" src=""http://emuirom.hicloud.com/dl/emuirom123/attachment/2016/11/07/133350dcdbe25b434c403d2fa33be5be_app_defult.png"" title=""正点闹钟pad版""/>",正点闹钟pad...,实用工具
http://app.hicloud.com/app/C10067129,"<img alt=""Tchin"" lazyload=""http://appimg.hicloud.com/hwmarket/files/application/icon144/d8db67ec7eac49688d845de2210607de.png"" onerror=""show_app_defult(this,'//app.hicloud.com/publish/static/plugin/');"" src=""http://emuirom.hicloud.com/dl/emuirom123/attachment/2016/11/07/133350dcdbe25b434c403d2fa33be5be_app_defult.png"" title=""Tchin""/>",Tchin,教育
http://app.hicloud.com/app/C5157,"<img alt=""携程旅行"" lazyload=""http://appimg.hicloud.com/hwmarket/files/application/icon144/019dc8c7126f42018ad33aff7298e3e9.png"" onerror=""show_app_defult(this,'//app.hicloud.com/publish/static/plugin/');"" src=""http://emuirom.hicloud.com/dl/emuirom123/attachment/2016/11/07/133350dcdbe25b434c403d2fa33be5be_app_defult.png"" title=""携程旅行""/>",携程旅行,旅游住宿
http://app.hicloud.com/app/C10374976,"<img alt=""拼多多"" lazyload=""http://appimg.hicloud.com/hwmarket/files/application/icon144/0357d0356e43496786de5930526e175d.png"" onerror=""show_app_defult(this,'//app.hicloud.com/publish/static/plugin/');"" src=""http://emuirom.hicloud.com/dl/emuirom123/attachment/2016/11/07/133350dcdbe25b434c403d2fa33be5be_app_defult.png"" title=""拼多多""/>",拼多多,购物比价
http://app.hicloud.com/app/C10652857,"<img alt=""抖音短视频"" lazyload=""http://appimg.hicloud.com/hwmarket/files/application/icon144/8c07a6df9cd4451a812fc72a24b053e0.png"" onerror=""show_app_defult(this,'//app.hicloud.com/publish/static/plugin/');"" src=""http://emuirom.hicloud.com/dl/emuirom123/attachment/2016/11/07/133350dcdbe25b434c403d2fa33be5be_app_defult.png"" title=""抖音短视频""/>",抖音短视频,拍摄美化
http://app.hicloud.com/app/C6045972,"<img alt=""HOLO桌面HD"" lazyload=""http://appimg.hicloud.com/hwmarket/files/application/icon144/443f6aecc1234abfa45415ecee325c18_1.png"" onerror=""show_app_defult(this,'//app.hicloud.com/publish/static/plugin/');"" src=""http://emuirom.hicloud.com/dl/emuirom123/attachment/2016/11/07/133350dcdbe25b434c403d2fa33be5be_app_defult.png"" title=""HOLO桌面HD""/>",HOLO桌面...,主题个性
http://app.hicloud.com/app/C10090437,"<img alt=""新浪彩票"" lazyload=""http://appimg.hicloud.com/hwmarket/files/application/icon144/d77fcea19425422587845bca291dfb1b_1.png"" onerror=""show_app_defult(this,'//app.hicloud.com/publish/static/plugin/');"" src=""http://emuirom.hicloud.com/dl/emuirom123/attachment/2016/11/07/133350dcdbe25b434c403d2fa33be5be_app_defult.png"" title=""新浪彩票""/>",新浪彩票,金融理财
http://app.hicloud.com/app/C9136,"<img alt=""唯品会"" lazyload=""http://appimg.hicloud.com/hwmarket/files/application/icon144/e5d522ed20334aa9b56be3035f8baa1a.png"" onerror=""show_app_defult(this,'//app.hicloud.com/publish/static/plugin/');"" src=""http://emuirom.hicloud.com/dl/emuirom123/attachment/2016/11/07/133350dcdbe25b434c403d2fa33be5be_app_defult.png"" title=""唯品会""/>",唯品会,购物比价
http://app.hicloud.com/app/C10615071,"<img alt=""西瓜视频"" lazyload=""http://appimg.hicloud.com/hwmarket/files/application/icon144/9c80f47e50804541b8ea6d2b381ae62a.png"" onerror=""show_app_defult(this,'//app.hicloud.com/publish/static/plugin/');"" src=""http://emuirom.hicloud.com/dl/emuirom123/attachment/2016/11/07/133350dcdbe25b434c403d2fa33be5be_app_defult.png"" title=""西瓜视频""/>",西瓜视频,影音娱乐
http://app.hicloud.com/app/C26008,"<img alt=""爱壁纸"" lazyload=""http://appimg.hicloud.com/hwmarket/files/application/icon144/27c6949bb3674684889840fb235caa9a.png"" onerror=""show_app_defult(this,'//app.hicloud.com/publish/static/plugin/');"" src=""http://emuirom.hicloud.com/dl/emuirom123/attachment/2016/11/07/133350dcdbe25b434c403d2fa33be5be_app_defult.png"" title=""爱壁纸""/>",爱壁纸,主题个性
http://app.hicloud.com/app/C57236,"<img alt=""今日头条"" lazyload=""http://appimg.hicloud.com/hwmarket/files/application/icon144/59b8eaa50d4646e290ce366bdece5a41.png"" onerror=""show_app_defult(this,'//app.hicloud.com/publish/static/plugin/');"" src=""http://emuirom.hicloud.com/dl/emuirom123/attachment/2016/11/07/133350dcdbe25b434c403d2fa33be5be_app_defult.png"" title=""今日头条""/>",今日头条,新闻阅读
http://app.hicloud.com/app/C10187826,"<img alt=""美团外卖"" lazyload=""http://appimg.hicloud.com/hwmarket/files/application/icon144/5b4be27f70b54428ae9e57439eb1e4c2.png"" onerror=""show_app_defult(this,'//app.hicloud.com/publish/static/plugin/');"" src=""http://emuirom.hicloud.com/dl/emuirom123/attachment/2016/11/07/133350dcdbe25b434c403d2fa33be5be_app_defult.png"" title=""美团外卖""/>",美团外卖,美食
http://app.hicloud.com/app/C73686,"<img alt=""搜狐视频HD"" lazyload=""http://appimg.hicloud.com/hwmarket/files/application/icon144/0b68e5fe4c3a4708898243320f80f717.png"" onerror=""show_app_defult(this,'//app.hicloud.com/publish/static/plugin/');"" src=""http://emuirom.hicloud.com/dl/emuirom123/attachment/2016/11/07/133350dcdbe25b434c403d2fa33be5be_app_defult.png"" title=""搜狐视频HD""/>",搜狐视频HD,影音娱乐
http://app.hicloud.com/app/C262,"<img alt=""去哪儿旅行"" lazyload=""http://appimg.hicloud.com/hwmarket/files/application/icon144/f7b9143b29294e3890fa096655a6f351.png"" onerror=""show_app_defult(this,'//app.hicloud.com/publish/static/plugin/');"" src=""http://emuirom.hicloud.com/dl/emuirom123/attachment/2016/11/07/133350dcdbe25b434c403d2fa33be5be_app_defult.png"" title=""去哪儿旅行""/>",去哪儿旅行,旅游住宿
http://app.hicloud.com/app/C10199294,"<img alt=""探探"" lazyload=""http://appimg.hicloud.com/hwmarket/files/application/icon144/97ef0ab5944f41f3935183ca637df8b8.png"" onerror=""show_app_defult(this,'//app.hicloud.com/publish/static/plugin/');"" src=""http://emuirom.hicloud.com/dl/emuirom123/attachment/2016/11/07/133350dcdbe25b434c403d2fa33be5be_app_defult.png"" title=""探探""/>",探探,社交通讯
http://app.hicloud.com/app/C138984,"<img alt=""正点闹钟pad版"" lazyload=""http://appimg.hicloud.com/hwmarket/files/application/icon144/fff318bcfbc64d7fb88f57b34cbc8da7_2.png"" onerror=""show_app_defult(this,'//app.hicloud.com/publish/static/plugin/');"" src=""http://emuirom.hicloud.com/dl/emuirom123/attachment/2016/11/07/133350dcdbe25b434c403d2fa33be5be_app_defult.png"" title=""正点闹钟pad版""/>",正点闹钟pad...,实用工具
http://app.hicloud.com/app/C10067129,"<img alt=""Tchin"" lazyload=""http://appimg.hicloud.com/hwmarket/files/application/icon144/d8db67ec7eac49688d845de2210607de.png"" onerror=""show_app_defult(this,'//app.hicloud.com/publish/static/plugin/');"" src=""http://emuirom.hicloud.com/dl/emuirom123/attachment/2016/11/07/133350dcdbe25b434c403d2fa33be5be_app_defult.png"" title=""Tchin""/>",Tchin,教育
http://app.hicloud.com/app/C5157,"<img alt=""携程旅行"" lazyload=""http://appimg.hicloud.com/hwmarket/files/application/icon144/019dc8c7126f42018ad33aff7298e3e9.png"" onerror=""show_app_defult(this,'//app.hicloud.com/publish/static/plugin/');"" src=""http://emuirom.hicloud.com/dl/emuirom123/attachment/2016/11/07/133350dcdbe25b434c403d2fa33be5be_app_defult.png"" title=""携程旅行""/>",携程旅行,旅游住宿















http://app.hicloud.com/app/C10374976,"<img alt=""拼多多"" lazyload=""http://appimg.hicloud.com/hwmarket/files/application/icon144/0357d0356e43496786de5930526e175d.png"" onerror=""show_app_defult(this,'//app.hicloud.com/publish/static/plugin/');"" src=""http://emuirom.hicloud.com/dl/emuirom123/attachment/2016/11/07/133350dcdbe25b434c403d2fa33be5be_app_defult.png"" title=""拼多多""/>",拼多多,购物比价
http://app.hicloud.com/app/C10652857,"<img alt=""抖音短视频"" lazyload=""http://appimg.hicloud.com/hwmarket/files/application/icon144/8c07a6df9cd4451a812fc72a24b053e0.png"" onerror=""show_app_defult(this,'//app.hicloud.com/publish/static/plugin/');"" src=""http://emuirom.hicloud.com/dl/emuirom123/attachment/2016/11/07/133350dcdbe25b434c403d2fa33be5be_app_defult.png"" title=""抖音短视频""/>",抖音短视频,拍摄美化
http://app.hicloud.com/app/C6045972,"<img alt=""HOLO桌面HD"" lazyload=""http://appimg.hicloud.com/hwmarket/files/application/icon144/443f6aecc1234abfa45415ecee325c18_1.png"" onerror=""show_app_defult(this,'//app.hicloud.com/publish/static/plugin/');"" src=""http://emuirom.hicloud.com/dl/emuirom123/attachment/2016/11/07/133350dcdbe25b434c403d2fa33be5be_app_defult.png"" title=""HOLO桌面HD""/>",HOLO桌面...,主题个性
http://app.hicloud.com/app/C10090437,"<img alt=""新浪彩票"" lazyload=""http://appimg.hicloud.com/hwmarket/files/application/icon144/d77fcea19425422587845bca291dfb1b_1.png"" onerror=""show_app_defult(this,'//app.hicloud.com/publish/static/plugin/');"" src=""http://emuirom.hicloud.com/dl/emuirom123/attachment/2016/11/07/133350dcdbe25b434c403d2fa33be5be_app_defult.png"" title=""新浪彩票""/>",新浪彩票,金融理财
http://app.hicloud.com/app/C9136,"<img alt=""唯品会"" lazyload=""http://appimg.hicloud.com/hwmarket/files/application/icon144/e5d522ed20334aa9b56be3035f8baa1a.png"" onerror=""show_app_defult(this,'//app.hicloud.com/publish/static/plugin/');"" src=""http://emuirom.hicloud.com/dl/emuirom123/attachment/2016/11/07/133350dcdbe25b434c403d2fa33be5be_app_defult.png"" title=""唯品会""/>",唯品会,购物比价
http://app.hicloud.com/app/C10615071,"<img alt=""西瓜视频"" lazyload=""http://appimg.hicloud.com/hwmarket/files/application/icon144/9c80f47e50804541b8ea6d2b381ae62a.png"" onerror=""show_app_defult(this,'//app.hicloud.com/publish/static/plugin/');"" src=""http://emuirom.hicloud.com/dl/emuirom123/attachment/2016/11/07/133350dcdbe25b434c403d2fa33be5be_app_defult.png"" title=""西瓜视频""/>",西瓜视频,影音娱乐
http://app.hicloud.com/app/C26008,"<img alt=""爱壁纸"" lazyload=""http://appimg.hicloud.com/hwmarket/files/application/icon144/27c6949bb3674684889840fb235caa9a.png"" onerror=""show_app_defult(this,'//app.hicloud.com/publish/static/plugin/');"" src=""http://emuirom.hicloud.com/dl/emuirom123/attachment/2016/11/07/133350dcdbe25b434c403d2fa33be5be_app_defult.png"" title=""爱壁纸""/>",爱壁纸,主题个性
http://app.hicloud.com/app/C57236,"<img alt=""今日头条"" lazyload=""http://appimg.hicloud.com/hwmarket/files/application/icon144/59b8eaa50d4646e290ce366bdece5a41.png"" onerror=""show_app_defult(this,'//app.hicloud.com/publish/static/plugin/');"" src=""http://emuirom.hicloud.com/dl/emuirom123/attachment/2016/11/07/133350dcdbe25b434c403d2fa33be5be_app_defult.png"" title=""今日头条""/>",今日头条,新闻阅读
http://app.hicloud.com/app/C10187826,"<img alt=""美团外卖"" lazyload=""http://appimg.hicloud.com/hwmarket/files/application/icon144/5b4be27f70b54428ae9e57439eb1e4c2.png"" onerror=""show_app_defult(this,'//app.hicloud.com/publish/static/plugin/');"" src=""http://emuirom.hicloud.com/dl/emuirom123/attachment/2016/11/07/133350dcdbe25b434c403d2fa33be5be_app_defult.png"" title=""美团外卖""/>",美团外卖,美食
http://app.hicloud.com/app/C73686,"<img alt=""搜狐视频HD"" lazyload=""http://appimg.hicloud.com/hwmarket/files/application/icon144/0b68e5fe4c3a4708898243320f80f717.png"" onerror=""show_app_defult(this,'//app.hicloud.com/publish/static/plugin/');"" src=""http://emuirom.hicloud.com/dl/emuirom123/attachment/2016/11/07/133350dcdbe25b434c403d2fa33be5be_app_defult.png"" title=""搜狐视频HD""/>",搜狐视频HD,影音娱乐
http://app.hicloud.com/app/C262,"<img alt=""去哪儿旅行"" lazyload=""http://appimg.hicloud.com/hwmarket/files/application/icon144/f7b9143b29294e3890fa096655a6f351.png"" onerror=""show_app_defult(this,'//app.hicloud.com/publish/static/plugin/');"" src=""http://emuirom.hicloud.com/dl/emuirom123/attachment/2016/11/07/133350dcdbe25b434c403d2fa33be5be_app_defult.png"" title=""去哪儿旅行""/>",去哪儿旅行,旅游住宿
http://app.hicloud.com/app/C10199294,"<img alt=""探探"" lazyload=""http://appimg.hicloud.com/hwmarket/files/application/icon144/97ef0ab5944f41f3935183ca637df8b8.png"" onerror=""show_app_defult(this,'//app.hicloud.com/publish/static/plugin/');"" src=""http://emuirom.hicloud.com/dl/emuirom123/attachment/2016/11/07/133350dcdbe25b434c403d2fa33be5be_app_defult.png"" title=""探探""/>",探探,社交通讯
http://app.hicloud.com/app/C138984,"<img alt=""正点闹钟pad版"" lazyload=""http://appimg.hicloud.com/hwmarket/files/application/icon144/fff318bcfbc64d7fb88f57b34cbc8da7_2.png"" onerror=""show_app_defult(this,'//app.hicloud.com/publish/static/plugin/');"" src=""http://emuirom.hicloud.com/dl/emuirom123/attachment/2016/11/07/133350dcdbe25b434c403d2fa33be5be_app_defult.png"" title=""正点闹钟pad版""/>",正点闹钟pad...,实用工具
http://app.hicloud.com/app/C10067129,"<img alt=""Tchin"" lazyload=""http://appimg.hicloud.com/hwmarket/files/application/icon144/d8db67ec7eac49688d845de2210607de.png"" onerror=""show_app_defult(this,'//app.hicloud.com/publish/static/plugin/');"" src=""http://emuirom.hicloud.com/dl/emuirom123/attachment/2016/11/07/133350dcdbe25b434c403d2fa33be5be_app_defult.png"" title=""Tchin""/>",Tchin,教育
http://app.hicloud.com/app/C5157,"<img alt=""携程旅行"" lazyload=""http://appimg.hicloud.com/hwmarket/files/application/icon144/019dc8c7126f42018ad33aff7298e3e9.png"" onerror=""show_app_defult(this,'//app.hicloud.com/publish/static/plugin/');"" src=""http://emuirom.hicloud.com/dl/emuirom123/attachment/2016/11/07/133350dcdbe25b434c403d2fa33be5be_app_defult.png"" title=""携程旅行""/>",携程旅行,旅游住宿
http://app.hicloud.com/app/C10374976,"<img alt=""拼多多"" lazyload=""http://appimg.hicloud.com/hwmarket/files/application/icon144/0357d0356e43496786de5930526e175d.png"" onerror=""show_app_defult(this,'//app.hicloud.com/publish/static/plugin/');"" src=""http://emuirom.hicloud.com/dl/emuirom123/attachment/2016/11/07/133350dcdbe25b434c403d2fa33be5be_app_defult.png"" title=""拼多多""/>",拼多多,购物比价
http://app.hicloud.com/app/C10652857,"<img alt=""抖音短视频"" lazyload=""http://appimg.hicloud.com/hwmarket/files/application/icon144/8c07a6df9cd4451a812fc72a24b053e0.png"" onerror=""show_app_defult(this,'//app.hicloud.com/publish/static/plugin/');"" src=""http://emuirom.hicloud.com/dl/emuirom123/attachment/2016/11/07/133350dcdbe25b434c403d2fa33be5be_app_defult.png"" title=""抖音短视频""/>",抖音短视频,拍摄美化
http://app.hicloud.com/app/C6045972,"<img alt=""HOLO桌面HD"" lazyload=""http://appimg.hicloud.com/hwmarket/files/application/icon144/443f6aecc1234abfa45415ecee325c18_1.png"" onerror=""show_app_defult(this,'//app.hicloud.com/publish/static/plugin/');"" src=""http://emuirom.hicloud.com/dl/emuirom123/attachment/2016/11/07/133350dcdbe25b434c403d2fa33be5be_app_defult.png"" title=""HOLO桌面HD""/>",HOLO桌面...,主题个性
http://app.hicloud.com/app/C10090437,"<img alt=""新浪彩票"" lazyload=""http://appimg.hicloud.com/hwmarket/files/application/icon144/d77fcea19425422587845bca291dfb1b_1.png"" onerror=""show_app_defult(this,'//app.hicloud.com/publish/static/plugin/');"" src=""http://emuirom.hicloud.com/dl/emuirom123/attachment/2016/11/07/133350dcdbe25b434c403d2fa33be5be_app_defult.png"" title=""新浪彩票""/>",新浪彩票,金融理财
http://app.hicloud.com/app/C9136,"<img alt=""唯品会"" lazyload=""http://appimg.hicloud.com/hwmarket/files/application/icon144/e5d522ed20334aa9b56be3035f8baa1a.png"" onerror=""show_app_defult(this,'//app.hicloud.com/publish/static/plugin/');"" src=""http://emuirom.hicloud.com/dl/emuirom123/attachment/2016/11/07/133350dcdbe25b434c403d2fa33be5be_app_defult.png"" title=""唯品会""/>",唯品会,购物比价
http://app.hicloud.com/app/C10615071,"<img alt=""西瓜视频"" lazyload=""http://appimg.hicloud.com/hwmarket/files/application/icon144/9c80f47e50804541b8ea6d2b381ae62a.png"" onerror=""show_app_defult(this,'//app.hicloud.com/publish/static/plugin/');"" src=""http://emuirom.hicloud.com/dl/emuirom123/attachment/2016/11/07/133350dcdbe25b434c403d2fa33be5be_app_defult.png"" title=""西瓜视频""/>",西瓜视频,影音娱乐
http://app.hicloud.com/app/C26008,"<img alt=""爱壁纸"" lazyload=""http://appimg.hicloud.com/hwmarket/files/application/icon144/27c6949bb3674684889840fb235caa9a.png"" onerror=""show_app_defult(this,'//app.hicloud.com/publish/static/plugin/');"" src=""http://emuirom.hicloud.com/dl/emuirom123/attachment/2016/11/07/133350dcdbe25b434c403d2fa33be5be_app_defult.png"" title=""爱壁纸""/>",爱壁纸,主题个性
http://app.hicloud.com/app/C57236,"<img alt=""今日头条"" lazyload=""http://appimg.hicloud.com/hwmarket/files/application/icon144/59b8eaa50d4646e290ce366bdece5a41.png"" onerror=""show_app_defult(this,'//app.hicloud.com/publish/static/plugin/');"" src=""http://emuirom.hicloud.com/dl/emuirom123/attachment/2016/11/07/133350dcdbe25b434c403d2fa33be5be_app_defult.png"" title=""今日头条""/>",今日头条,新闻阅读
http://app.hicloud.com/app/C10187826,"<img alt=""美团外卖"" lazyload=""http://appimg.hicloud.com/hwmarket/files/application/icon144/5b4be27f70b54428ae9e57439eb1e4c2.png"" onerror=""show_app_defult(this,'//app.hicloud.com/publish/static/plugin/');"" src=""http://emuirom.hicloud.com/dl/emuirom123/attachment/2016/11/07/133350dcdbe25b434c403d2fa33be5be_app_defult.png"" title=""美团外卖""/>",美团外卖,美食
http://app.hicloud.com/app/C73686,"<img alt=""搜狐视频HD"" lazyload=""http://appimg.hicloud.com/hwmarket/files/application/icon144/0b68e5fe4c3a4708898243320f80f717.png"" onerror=""show_app_defult(this,'//app.hicloud.com/publish/static/plugin/');"" src=""http://emuirom.hicloud.com/dl/emuirom123/attachment/2016/11/07/133350dcdbe25b434c403d2fa33be5be_app_defult.png"" title=""搜狐视频HD""/>",搜狐视频HD,影音娱乐
http://app.hicloud.com/app/C262,"<img alt=""去哪儿旅行"" lazyload=""http://appimg.hicloud.com/hwmarket/files/application/icon144/f7b9143b29294e3890fa096655a6f351.png"" onerror=""show_app_defult(this,'//app.hicloud.com/publish/static/plugin/');"" src=""http://emuirom.hicloud.com/dl/emuirom123/attachment/2016/11/07/133350dcdbe25b434c403d2fa33be5be_app_defult.png"" title=""去哪儿旅行""/>",去哪儿旅行,旅游住宿
http://app.hicloud.com/app/C10199294,"<img alt=""探探"" lazyload=""http://appimg.hicloud.com/hwmarket/files/application/icon144/97ef0ab5944f41f3935183ca637df8b8.png"" onerror=""show_app_defult(this,'//app.hicloud.com/publish/static/plugin/');"" src=""http://emuirom.hicloud.com/dl/emuirom123/attachment/2016/11/07/133350dcdbe25b434c403d2fa33be5be_app_defult.png"" title=""探探""/>",探探,社交通讯
http://app.hicloud.com/app/C138984,"<img alt=""正点闹钟pad版"" lazyload=""http://appimg.hicloud.com/hwmarket/files/application/icon144/fff318bcfbc64d7fb88f57b34cbc8da7_2.png"" onerror=""show_app_defult(this,'//app.hicloud.com/publish/static/plugin/');"" src=""http://emuirom.hicloud.com/dl/emuirom123/attachment/2016/11/07/133350dcdbe25b434c403d2fa33be5be_app_defult.png"" title=""正点闹钟pad版""/>",正点闹钟pad...,实用工具
http://app.hicloud.com/app/C10067129,"<img alt=""Tchin"" lazyload=""http://appimg.hicloud.com/hwmarket/files/application/icon144/d8db67ec7eac49688d845de2210607de.png"" onerror=""show_app_defult(this,'//app.hicloud.com/publish/static/plugin/');"" src=""http://emuirom.hicloud.com/dl/emuirom123/attachment/2016/11/07/133350dcdbe25b434c403d2fa33be5be_app_defult.png"" title=""Tchin""/>",Tchin,教育
http://app.hicloud.com/app/C5157,"<img alt=""携程旅行"" lazyload=""http://appimg.hicloud.com/hwmarket/files/application/icon144/019dc8c7126f42018ad33aff7298e3e9.png"" onerror=""show_app_defult(this,'//app.hicloud.com/publish/static/plugin/');"" src=""http://emuirom.hicloud.com/dl/emuirom123/attachment/2016/11/07/133350dcdbe25b434c403d2fa33be5be_app_defult.png"" title=""携程旅行""/>",携程旅行,旅游住宿
http://app.hicloud.com/app/C10374976,"<img alt=""拼多多"" lazyload=""http://appimg.hicloud.com/hwmarket/files/application/icon144/0357d0356e43496786de5930526e175d.png"" onerror=""show_app_defult(this,'//app.hicloud.com/publish/static/plugin/');"" src=""http://emuirom.hicloud.com/dl/emuirom123/attachment/2016/11/07/133350dcdbe25b434c403d2fa33be5be_app_defult.png"" title=""拼多多""/>",拼多多,购物比价
http://app.hicloud.com/app/C10652857,"<img alt=""抖音短视频"" lazyload=""http://appimg.hicloud.com/hwmarket/files/application/icon144/8c07a6df9cd4451a812fc72a24b053e0.png"" onerror=""show_app_defult(this,'//app.hicloud.com/publish/static/plugin/');"" src=""http://emuirom.hicloud.com/dl/emuirom123/attachment/2016/11/07/133350dcdbe25b434c403d2fa33be5be_app_defult.png"" title=""抖音短视频""/>",抖音短视频,拍摄美化
http://app.hicloud.com/app/C6045972,"<img alt=""HOLO桌面HD"" lazyload=""http://appimg.hicloud.com/hwmarket/files/application/icon144/443f6aecc1234abfa45415ecee325c18_1.png"" onerror=""show_app_defult(this,'//app.hicloud.com/publish/static/plugin/');"" src=""http://emuirom.hicloud.com/dl/emuirom123/attachment/2016/11/07/133350dcdbe25b434c403d2fa33be5be_app_defult.png"" title=""HOLO桌面HD""/>",HOLO桌面...,主题个性
http://app.hicloud.com/app/C10090437,"<img alt=""新浪彩票"" lazyload=""http://appimg.hicloud.com/hwmarket/files/application/icon144/d77fcea19425422587845bca291dfb1b_1.png"" onerror=""show_app_defult(this,'//app.hicloud.com/publish/static/plugin/');"" src=""http://emuirom.hicloud.com/dl/emuirom123/attachment/2016/11/07/133350dcdbe25b434c403d2fa33be5be_app_defult.png"" title=""新浪彩票""/>",新浪彩票,金融理财
http://app.hicloud.com/app/C9136,"<img alt=""唯品会"" lazyload=""http://appimg.hicloud.com/hwmarket/files/application/icon144/e5d522ed20334aa9b56be3035f8baa1a.png"" onerror=""show_app_defult(this,'//app.hicloud.com/publish/static/plugin/');"" src=""http://emuirom.hicloud.com/dl/emuirom123/attachment/2016/11/07/133350dcdbe25b434c403d2fa33be5be_app_defult.png"" title=""唯品会""/>",唯品会,购物比价
http://app.hicloud.com/app/C10615071,"<img alt=""西瓜视频"" lazyload=""http://appimg.hicloud.com/hwmarket/files/application/icon144/9c80f47e50804541b8ea6d2b381ae62a.png"" onerror=""show_app_defult(this,'//app.hicloud.com/publish/static/plugin/');"" src=""http://emuirom.hicloud.com/dl/emuirom123/attachment/2016/11/07/133350dcdbe25b434c403d2fa33be5be_app_defult.png"" title=""西瓜视频""/>",西瓜视频,影音娱乐
http://app.hicloud.com/app/C26008,"<img alt=""爱壁纸"" lazyload=""http://appimg.hicloud.com/hwmarket/files/application/icon144/27c6949bb3674684889840fb235caa9a.png"" onerror=""show_app_defult(this,'//app.hicloud.com/publish/static/plugin/');"" src=""http://emuirom.hicloud.com/dl/emuirom123/attachment/2016/11/07/133350dcdbe25b434c403d2fa33be5be_app_defult.png"" title=""爱壁纸""/>",爱壁纸,主题个性
http://app.hicloud.com/app/C57236,"<img alt=""今日头条"" lazyload=""http://appimg.hicloud.com/hwmarket/files/application/icon144/59b8eaa50d4646e290ce366bdece5a41.png"" onerror=""show_app_defult(this,'//app.hicloud.com/publish/static/plugin/');"" src=""http://emuirom.hicloud.com/dl/emuirom123/attachment/2016/11/07/133350dcdbe25b434c403d2fa33be5be_app_defult.png"" title=""今日头条""/>",今日头条,新闻阅读
http://app.hicloud.com/app/C10187826,"<img alt=""美团外卖"" lazyload=""http://appimg.hicloud.com/hwmarket/files/application/icon144/5b4be27f70b54428ae9e57439eb1e4c2.png"" onerror=""show_app_defult(this,'//app.hicloud.com/publish/static/plugin/');"" src=""http://emuirom.hicloud.com/dl/emuirom123/attachment/2016/11/07/133350dcdbe25b434c403d2fa33be5be_app_defult.png"" title=""美团外卖""/>",美团外卖,美食
http://app.hicloud.com/app/C73686,"<img alt=""搜狐视频HD"" lazyload=""http://appimg.hicloud.com/hwmarket/files/application/icon144/0b68e5fe4c3a4708898243320f80f717.png"" onerror=""show_app_defult(this,'//app.hicloud.com/publish/static/plugin/');"" src=""http://emuirom.hicloud.com/dl/emuirom123/attachment/2016/11/07/133350dcdbe25b434c403d2fa33be5be_app_defult.png"" title=""搜狐视频HD""/>",搜狐视频HD,影音娱乐
http://app.hicloud.com/app/C262,"<img alt=""去哪儿旅行"" lazyload=""http://appimg.hicloud.com/hwmarket/files/application/icon144/f7b9143b29294e3890fa096655a6f351.png"" onerror=""show_app_defult(this,'//app.hicloud.com/publish/static/plugin/');"" src=""http://emuirom.hicloud.com/dl/emuirom123/attachment/2016/11/07/133350dcdbe25b434c403d2fa33be5be_app_defult.png"" title=""去哪儿旅行""/>",去哪儿旅行,旅游住宿
http://app.hicloud.com/app/C10199294,"<img alt=""探探"" lazyload=""http://appimg.hicloud.com/hwmarket/files/application/icon144/97ef0ab5944f41f3935183ca637df8b8.png"" onerror=""show_app_defult(this,'//app.hicloud.com/publish/static/plugin/');"" src=""http://emuirom.hicloud.com/dl/emuirom123/attachment/2016/11/07/133350dcdbe25b434c403d2fa33be5be_app_defult.png"" title=""探探""/>",探探,社交通讯
http://app.hicloud.com/app/C138984,"<img alt=""正点闹钟pad版"" lazyload=""http://appimg.hicloud.com/hwmarket/files/application/icon144/fff318bcfbc64d7fb88f57b34cbc8da7_2.png"" onerror=""show_app_defult(this,'//app.hicloud.com/publish/static/plugin/');"" src=""http://emuirom.hicloud.com/dl/emuirom123/attachment/2016/11/07/133350dcdbe25b434c403d2fa33be5be_app_defult.png"" title=""正点闹钟pad版""/>",正点闹钟pad...,实用工具
http://app.hicloud.com/app/C10067129,"<img alt=""Tchin"" lazyload=""http://appimg.hicloud.com/hwmarket/files/application/icon144/d8db67ec7eac49688d845de2210607de.png"" onerror=""show_app_defult(this,'//app.hicloud.com/publish/static/plugin/');"" src=""http://emuirom.hicloud.com/dl/emuirom123/attachment/2016/11/07/133350dcdbe25b434c403d2fa33be5be_app_defult.png"" title=""Tchin""/>",Tchin,教育
http://app.hicloud.com/app/C5157,"<img alt=""携程旅行"" lazyload=""http://appimg.hicloud.com/hwmarket/files/application/icon144/019dc8c7126f42018ad33aff7298e3e9.png"" onerror=""show_app_defult(this,'//app.hicloud.com/publish/static/plugin/');"" src=""http://emuirom.hicloud.com/dl/emuirom123/attachment/2016/11/07/133350dcdbe25b434c403d2fa33be5be_app_defult.png"" title=""携程旅行""/>",携程旅行,旅游住宿
http://app.hicloud.com/app/C10374976,"<img alt=""拼多多"" lazyload=""http://appimg.hicloud.com/hwmarket/files/application/icon144/0357d0356e43496786de5930526e175d.png"" onerror=""show_app_defult(this,'//app.hicloud.com/publish/static/plugin/');"" src=""http://emuirom.hicloud.com/dl/emuirom123/attachment/2016/11/07/133350dcdbe25b434c403d2fa33be5be_app_defult.png"" title=""拼多多""/>",拼多多,购物比价
http://app.hicloud.com/app/C10652857,"<img alt=""抖音短视频"" lazyload=""http://appimg.hicloud.com/hwmarket/files/application/icon144/8c07a6df9cd4451a812fc72a24b053e0.png"" onerror=""show_app_defult(this,'//app.hicloud.com/publish/static/plugin/');"" src=""http://emuirom.hicloud.com/dl/emuirom123/attachment/2016/11/07/133350dcdbe25b434c403d2fa33be5be_app_defult.png"" title=""抖音短视频""/>",抖音短视频,拍摄美化
http://app.hicloud.com/app/C6045972,"<img alt=""HOLO桌面HD"" lazyload=""http://appimg.hicloud.com/hwmarket/files/application/icon144/443f6aecc1234abfa45415ecee325c18_1.png"" onerror=""show_app_defult(this,'//app.hicloud.com/publish/static/plugin/');"" src=""http://emuirom.hicloud.com/dl/emuirom123/attachment/2016/11/07/133350dcdbe25b434c403d2fa33be5be_app_defult.png"" title=""HOLO桌面HD""/>",HOLO桌面...,主题个性
http://app.hicloud.com/app/C10090437,"<img alt=""新浪彩票"" lazyload=""http://appimg.hicloud.com/hwmarket/files/application/icon144/d77fcea19425422587845bca291dfb1b_1.png"" onerror=""show_app_defult(this,'//app.hicloud.com/publish/static/plugin/');"" src=""http://emuirom.hicloud.com/dl/emuirom123/attachment/2016/11/07/133350dcdbe25b434c403d2fa33be5be_app_defult.png"" title=""新浪彩票""/>",新浪彩票,金融理财
http://app.hicloud.com/app/C9136,"<img alt=""唯品会"" lazyload=""http://appimg.hicloud.com/hwmarket/files/application/icon144/e5d522ed20334aa9b56be3035f8baa1a.png"" onerror=""show_app_defult(this,'//app.hicloud.com/publish/static/plugin/');"" src=""http://emuirom.hicloud.com/dl/emuirom123/attachment/2016/11/07/133350dcdbe25b434c403d2fa33be5be_app_defult.png"" title=""唯品会""/>",唯品会,购物比价
http://app.hicloud.com/app/C262,"<img alt=""去哪儿旅行"" lazyload=""http://appimg.hicloud.com/hwmarket/files/application/icon144/f7b9143b29294e3890fa096655a6f351.png"" onerror=""show_app_defult(this,'//app.hicloud.com/publish/static/plugin/');"" src=""http://emuirom.hicloud.com/dl/emuirom123/attachment/2016/11/07/133350dcdbe25b434c403d2fa33be5be_app_defult.png"" title=""去哪儿旅行""/>",去哪儿旅行,旅游住宿
http://app.hicloud.com/app/C26008,"<img alt=""爱壁纸"" lazyload=""http://appimg.hicloud.com/hwmarket/files/application/icon144/27c6949bb3674684889840fb235caa9a.png"" onerror=""show_app_defult(this,'//app.hicloud.com/publish/static/plugin/');"" src=""http://emuirom.hicloud.com/dl/emuirom123/attachment/2016/11/07/133350dcdbe25b434c403d2fa33be5be_app_defult.png"" title=""爱壁纸""/>",爱壁纸,主题个性
http://app.hicloud.com/app/C10615071,"<img alt=""西瓜视频"" lazyload=""http://appimg.hicloud.com/hwmarket/files/application/icon144/9c80f47e50804541b8ea6d2b381ae62a.png"" onerror=""show_app_defult(this,'//app.hicloud.com/publish/static/plugin/');"" src=""http://emuirom.hicloud.com/dl/emuirom123/attachment/2016/11/07/133350dcdbe25b434c403d2fa33be5be_app_defult.png"" title=""西瓜视频""/>",西瓜视频,影音娱乐
http://app.hicloud.com/app/C57236,"<img alt=""今日头条"" lazyload=""http://appimg.hicloud.com/hwmarket/files/application/icon144/59b8eaa50d4646e290ce366bdece5a41.png"" onerror=""show_app_defult(this,'//app.hicloud.com/publish/static/plugin/');"" src=""http://emuirom.hicloud.com/dl/emuirom123/attachment/2016/11/07/133350dcdbe25b434c403d2fa33be5be_app_defult.png"" title=""今日头条""/>",今日头条,新闻阅读
http://app.hicloud.com/app/C73686,"<img alt=""搜狐视频HD"" lazyload=""http://appimg.hicloud.com/hwmarket/files/application/icon144/0b68e5fe4c3a4708898243320f80f717.png"" onerror=""show_app_defult(this,'//app.hicloud.com/publish/static/plugin/');"" src=""http://emuirom.hicloud.com/dl/emuirom123/attachment/2016/11/07/133350dcdbe25b434c403d2fa33be5be_app_defult.png"" title=""搜狐视频HD""/>",搜狐视频HD,影音娱乐
http://app.hicloud.com/app/C10199294,"<img alt=""探探"" lazyload=""http://appimg.hicloud.com/hwmarket/files/application/icon144/97ef0ab5944f41f3935183ca637df8b8.png"" onerror=""show_app_defult(this,'//app.hicloud.com/publish/static/plugin/');"" src=""http://emuirom.hicloud.com/dl/emuirom123/attachment/2016/11/07/133350dcdbe25b434c403d2fa33be5be_app_defult.png"" title=""探探""/>",探探,社交通讯
http://app.hicloud.com/app/C31346,"<img alt=""百度"" lazyload=""http://appimg.hicloud.com/hwmarket/files/application/icon144/20a77c949fed48698515ff04dc85136c.png"" onerror=""show_app_defult(this,'//app.hicloud.com/publish/static/plugin/');"" src=""http://emuirom.hicloud.com/dl/emuirom123/attachment/2016/11/07/133350dcdbe25b434c403d2fa33be5be_app_defult.png"" title=""百度""/>",百度,实用工具
http://app.hicloud.com/app/C138984,"<img alt=""正点闹钟pad版"" lazyload=""http://appimg.hicloud.com/hwmarket/files/application/icon144/fff318bcfbc64d7fb88f57b34cbc8da7_2.png"" onerror=""show_app_defult(this,'//app.hicloud.com/publish/static/plugin/');"" src=""http://emuirom.hicloud.com/dl/emuirom123/attachment/2016/11/07/133350dcdbe25b434c403d2fa33be5be_app_defult.png"" title=""正点闹钟pad版""/>",正点闹钟pad...,实用工具
http://app.hicloud.com/app/C10067129,"<img alt=""Tchin"" lazyload=""http://appimg.hicloud.com/hwmarket/files/application/icon144/d8db67ec7eac49688d845de2210607de.png"" onerror=""show_app_defult(this,'//app.hicloud.com/publish/static/plugin/');"" src=""http://emuirom.hicloud.com/dl/emuirom123/attachment/2016/11/07/133350dcdbe25b434c403d2fa33be5be_app_defult.png"" title=""Tchin""/>",Tchin,教育
http://app.hicloud.com/app/C10814166,"<img alt=""360借条"" lazyload=""http://appimg.hicloud.com/hwmarket/files/application/icon144/26c7dd2797764bf89dc653288f31f1e4.png"" onerror=""show_app_defult(this,'//app.hicloud.com/publish/static/plugin/');"" src=""http://emuirom.hicloud.com/dl/emuirom123/attachment/2016/11/07/133350dcdbe25b434c403d2fa33be5be_app_defult.png"" title=""360借条""/>",360借条,金融理财
http://app.hicloud.com/app/C10374976,"<img alt=""拼多多"" lazyload=""http://appimg.hicloud.com/hwmarket/files/application/icon144/0357d0356e43496786de5930526e175d.png"" onerror=""show_app_defult(this,'//app.hicloud.com/publish/static/plugin/');"" src=""http://emuirom.hicloud.com/dl/emuirom123/attachment/2016/11/07/133350dcdbe25b434c403d2fa33be5be_app_defult.png"" title=""拼多多""/>",拼多多,购物比价
http://app.hicloud.com/app/C10652857,"<img alt=""抖音短视频"" lazyload=""http://appimg.hicloud.com/hwmarket/files/application/icon144/8c07a6df9cd4451a812fc72a24b053e0.png"" onerror=""show_app_defult(this,'//app.hicloud.com/publish/static/plugin/');"" src=""http://emuirom.hicloud.com/dl/emuirom123/attachment/2016/11/07/133350dcdbe25b434c403d2fa33be5be_app_defult.png"" title=""抖音短视频""/>",抖音短视频,拍摄美化
http://app.hicloud.com/app/C6045972,"<img alt=""HOLO桌面HD"" lazyload=""http://appimg.hicloud.com/hwmarket/files/application/icon144/443f6aecc1234abfa45415ecee325c18_1.png"" onerror=""show_app_defult(this,'//app.hicloud.com/publish/static/plugin/');"" src=""http://emuirom.hicloud.com/dl/emuirom123/attachment/2016/11/07/133350dcdbe25b434c403d2fa33be5be_app_defult.png"" title=""HOLO桌面HD""/>",HOLO桌面...,主题个性
http://app.hicloud.com/app/C10090437,"<img alt=""新浪彩票"" lazyload=""http://appimg.hicloud.com/hwmarket/files/application/icon144/d77fcea19425422587845bca291dfb1b_1.png"" onerror=""show_app_defult(this,'//app.hicloud.com/publish/static/plugin/');"" src=""http://emuirom.hicloud.com/dl/emuirom123/attachment/2016/11/07/133350dcdbe25b434c403d2fa33be5be_app_defult.png"" title=""新浪彩票""/>",新浪彩票,金融理财
http://app.hicloud.com/app/C9136,"<img alt=""唯品会"" lazyload=""http://appimg.hicloud.com/hwmarket/files/application/icon144/e5d522ed20334aa9b56be3035f8baa1a.png"" onerror=""show_app_defult(this,'//app.hicloud.com/publish/static/plugin/');"" src=""http://emuirom.hicloud.com/dl/emuirom123/attachment/2016/11/07/133350dcdbe25b434c403d2fa33be5be_app_defult.png"" title=""唯品会""/>",唯品会,购物比价
http://app.hicloud.com/app/C262,"<img alt=""去哪儿旅行"" lazyload=""http://appimg.hicloud.com/hwmarket/files/application/icon144/f7b9143b29294e3890fa096655a6f351.png"" onerror=""show_app_defult(this,'//app.hicloud.com/publish/static/plugin/');"" src=""http://emuirom.hicloud.com/dl/emuirom123/attachment/2016/11/07/133350dcdbe25b434c403d2fa33be5be_app_defult.png"" title=""去哪儿旅行""/>",去哪儿旅行,旅游住宿
http://app.hicloud.com/app/C26008,"<img alt=""爱壁纸"" lazyload=""http://appimg.hicloud.com/hwmarket/files/application/icon144/27c6949bb3674684889840fb235caa9a.png"" onerror=""show_app_defult(this,'//app.hicloud.com/publish/static/plugin/');"" src=""http://emuirom.hicloud.com/dl/emuirom123/attachment/2016/11/07/133350dcdbe25b434c403d2fa33be5be_app_defult.png"" title=""爱壁纸""/>",爱壁纸,主题个性
http://app.hicloud.com/app/C10615071,"<img alt=""西瓜视频"" lazyload=""http://appimg.hicloud.com/hwmarket/files/application/icon144/9c80f47e50804541b8ea6d2b381ae62a.png"" onerror=""show_app_defult(this,'//app.hicloud.com/publish/static/plugin/');"" src=""http://emuirom.hicloud.com/dl/emuirom123/attachment/2016/11/07/133350dcdbe25b434c403d2fa33be5be_app_defult.png"" title=""西瓜视频""/>",西瓜视频,影音娱乐
http://app.hicloud.com/app/C57236,"<img alt=""今日头条"" lazyload=""http://appimg.hicloud.com/hwmarket/files/application/icon144/59b8eaa50d4646e290ce366bdece5a41.png"" onerror=""show_app_defult(this,'//app.hicloud.com/publish/static/plugin/');"" src=""http://emuirom.hicloud.com/dl/emuirom123/attachment/2016/11/07/133350dcdbe25b434c403d2fa33be5be_app_defult.png"" title=""今日头条""/>",今日头条,新闻阅读
http://app.hicloud.com/app/C73686,"<img alt=""搜狐视频HD"" lazyload=""http://appimg.hicloud.com/hwmarket/files/application/icon144/0b68e5fe4c3a4708898243320f80f717.png"" onerror=""show_app_defult(this,'//app.hicloud.com/publish/static/plugin/');"" src=""http://emuirom.hicloud.com/dl/emuirom123/attachment/2016/11/07/133350dcdbe25b434c403d2fa33be5be_app_defult.png"" title=""搜狐视频HD""/>",搜狐视频HD,影音娱乐
http://app.hicloud.com/app/C10199294,"<img alt=""探探"" lazyload=""http://appimg.hicloud.com/hwmarket/files/application/icon144/97ef0ab5944f41f3935183ca637df8b8.png"" onerror=""show_app_defult(this,'//app.hicloud.com/publish/static/plugin/');"" src=""http://emuirom.hicloud.com/dl/emuirom123/attachment/2016/11/07/133350dcdbe25b434c403d2fa33be5be_app_defult.png"" title=""探探""/>",探探,社交通讯
http://app.hicloud.com/app/C31346,"<img alt=""百度"" lazyload=""http://appimg.hicloud.com/hwmarket/files/application/icon144/20a77c949fed48698515ff04dc85136c.png"" onerror=""show_app_defult(this,'//app.hicloud.com/publish/static/plugin/');"" src=""http://emuirom.hicloud.com/dl/emuirom123/attachment/2016/11/07/133350dcdbe25b434c403d2fa33be5be_app_defult.png"" title=""百度""/>",百度,实用工具
http://app.hicloud.com/app/C138984,"<img alt=""正点闹钟pad版"" lazyload=""http://appimg.hicloud.com/hwmarket/files/application/icon144/fff318bcfbc64d7fb88f57b34cbc8da7_2.png"" onerror=""show_app_defult(this,'//app.hicloud.com/publish/static/plugin/');"" src=""http://emuirom.hicloud.com/dl/emuirom123/attachment/2016/11/07/133350dcdbe25b434c403d2fa33be5be_app_defult.png"" title=""正点闹钟pad版""/>",正点闹钟pad...,实用工具
http://app.hicloud.com/app/C10067129,"<img alt=""Tchin"" lazyload=""http://appimg.hicloud.com/hwmarket/files/application/icon144/d8db67ec7eac49688d845de2210607de.png"" onerror=""show_app_defult(this,'//app.hicloud.com/publish/static/plugin/');"" src=""http://emuirom.hicloud.com/dl/emuirom123/attachment/2016/11/07/133350dcdbe25b434c403d2fa33be5be_app_defult.png"" title=""Tchin""/>",Tchin,教育
http://app.hicloud.com/app/C10814166,"<img alt=""360借条"" lazyload=""http://appimg.hicloud.com/hwmarket/files/application/icon144/26c7dd2797764bf89dc653288f31f1e4.png"" onerror=""show_app_defult(this,'//app.hicloud.com/publish/static/plugin/');"" src=""http://emuirom.hicloud.com/dl/emuirom123/attachment/2016/11/07/133350dcdbe25b434c403d2fa33be5be_app_defult.png"" title=""360借条""/>",360借条,金融理财
http://app.hicloud.com/app/C10374976,"<img alt=""拼多多"" lazyload=""http://appimg.hicloud.com/hwmarket/files/application/icon144/0357d0356e43496786de5930526e175d.png"" onerror=""show_app_defult(this,'//app.hicloud.com/publish/static/plugin/');"" src=""http://emuirom.hicloud.com/dl/emuirom123/attachment/2016/11/07/133350dcdbe25b434c403d2fa33be5be_app_defult.png"" title=""拼多多""/>",拼多多,购物比价
http://app.hicloud.com/app/C262,"<img alt=""去哪儿旅行"" lazyload=""http://appimg.hicloud.com/hwmarket/files/application/icon144/f7b9143b29294e3890fa096655a6f351.png"" onerror=""show_app_defult(this,'//app.hicloud.com/publish/static/plugin/');"" src=""http://emuirom.hicloud.com/dl/emuirom123/attachment/2016/11/07/133350dcdbe25b434c403d2fa33be5be_app_defult.png"" title=""去哪儿旅行""/>",去哪儿旅行,旅游住宿
http://app.hicloud.com/app/C6045972,"<img alt=""HOLO桌面HD"" lazyload=""http://appimg.hicloud.com/hwmarket/files/application/icon144/443f6aecc1234abfa45415ecee325c18_1.png"" onerror=""show_app_defult(this,'//app.hicloud.com/publish/static/plugin/');"" src=""http://emuirom.hicloud.com/dl/emuirom123/attachment/2016/11/07/133350dcdbe25b434c403d2fa33be5be_app_defult.png"" title=""HOLO桌面HD""/>",HOLO桌面...,主题个性
http://app.hicloud.com/app/C10090437,"<img alt=""新浪彩票"" lazyload=""http://appimg.hicloud.com/hwmarket/files/application/icon144/d77fcea19425422587845bca291dfb1b_1.png"" onerror=""show_app_defult(this,'//app.hicloud.com/publish/static/plugin/');"" src=""http://emuirom.hicloud.com/dl/emuirom123/attachment/2016/11/07/133350dcdbe25b434c403d2fa33be5be_app_defult.png"" title=""新浪彩票""/>",新浪彩票,金融理财
http://app.hicloud.com/app/C9136,"<img alt=""唯品会"" lazyload=""http://appimg.hicloud.com/hwmarket/files/application/icon144/e5d522ed20334aa9b56be3035f8baa1a.png"" onerror=""show_app_defult(this,'//app.hicloud.com/publish/static/plugin/');"" src=""http://emuirom.hicloud.com/dl/emuirom123/attachment/2016/11/07/133350dcdbe25b434c403d2fa33be5be_app_defult.png"" title=""唯品会""/>",唯品会,购物比价
http://app.hicloud.com/app/C10652857,"<img alt=""抖音短视频"" lazyload=""http://appimg.hicloud.com/hwmarket/files/application/icon144/8c07a6df9cd4451a812fc72a24b053e0.png"" onerror=""show_app_defult(this,'//app.hicloud.com/publish/static/plugin/');"" src=""http://emuirom.hicloud.com/dl/emuirom123/attachment/2016/11/07/133350dcdbe25b434c403d2fa33be5be_app_defult.png"" title=""抖音短视频""/>",抖音短视频,拍摄美化
http://app.hicloud.com/app/C26008,"<img alt=""爱壁纸"" lazyload=""http://appimg.hicloud.com/hwmarket/files/application/icon144/27c6949bb3674684889840fb235caa9a.png"" onerror=""show_app_defult(this,'//app.hicloud.com/publish/static/plugin/');"" src=""http://emuirom.hicloud.com/dl/emuirom123/attachment/2016/11/07/133350dcdbe25b434c403d2fa33be5be_app_defult.png"" title=""爱壁纸""/>",爱壁纸,主题个性
http://app.hicloud.com/app/C10615071,"<img alt=""西瓜视频"" lazyload=""http://appimg.hicloud.com/hwmarket/files/application/icon144/a519683dfd6b44619ac2fab417851d55.png"" onerror=""show_app_defult(this,'//app.hicloud.com/publish/static/plugin/');"" src=""http://emuirom.hicloud.com/dl/emuirom123/attachment/2016/11/07/133350dcdbe25b434c403d2fa33be5be_app_defult.png"" title=""西瓜视频""/>",西瓜视频,影音娱乐
http://app.hicloud.com/app/C61569,"<img alt=""返利"" lazyload=""http://appimg.hicloud.com/hwmarket/files/application/icon144/90d1bfdc30a542b6ac51594728355bc0.png"" onerror=""show_app_defult(this,'//app.hicloud.com/publish/static/plugin/');"" src=""http://emuirom.hicloud.com/dl/emuirom123/attachment/2016/11/07/133350dcdbe25b434c403d2fa33be5be_app_defult.png"" title=""返利""/>",返利,购物比价
http://app.hicloud.com/app/C73686,"<img alt=""搜狐视频HD"" lazyload=""http://appimg.hicloud.com/hwmarket/files/application/icon144/0b68e5fe4c3a4708898243320f80f717.png"" onerror=""show_app_defult(this,'//app.hicloud.com/publish/static/plugin/');"" src=""http://emuirom.hicloud.com/dl/emuirom123/attachment/2016/11/07/133350dcdbe25b434c403d2fa33be5be_app_defult.png"" title=""搜狐视频HD""/>",搜狐视频HD,影音娱乐
http://app.hicloud.com/app/C57236,"<img alt=""今日头条"" lazyload=""http://appimg.hicloud.com/hwmarket/files/application/icon144/59b8eaa50d4646e290ce366bdece5a41.png"" onerror=""show_app_defult(this,'//app.hicloud.com/publish/static/plugin/');"" src=""http://emuirom.hicloud.com/dl/emuirom123/attachment/2016/11/07/133350dcdbe25b434c403d2fa33be5be_app_defult.png"" title=""今日头条""/>",今日头条,新闻阅读
http://app.hicloud.com/app/C41277,"<img alt=""苏宁易购"" lazyload=""http://appimg.hicloud.com/hwmarket/files/application/icon144/5c894bf1e59d4b419887f80eded120a5.png"" onerror=""show_app_defult(this,'//app.hicloud.com/publish/static/plugin/');"" src=""http://emuirom.hicloud.com/dl/emuirom123/attachment/2016/11/07/133350dcdbe25b434c403d2fa33be5be_app_defult.png"" title=""苏宁易购""/>",苏宁易购,购物比价
http://app.hicloud.com/app/C138984,"<img alt=""正点闹钟pad版"" lazyload=""http://appimg.hicloud.com/hwmarket/files/application/icon144/fff318bcfbc64d7fb88f57b34cbc8da7_2.png"" onerror=""show_app_defult(this,'//app.hicloud.com/publish/static/plugin/');"" src=""http://emuirom.hicloud.com/dl/emuirom123/attachment/2016/11/07/133350dcdbe25b434c403d2fa33be5be_app_defult.png"" title=""正点闹钟pad版""/>",正点闹钟pad...,实用工具
http://app.hicloud.com/app/C10067129,"<img alt=""Tchin"" lazyload=""http://appimg.hicloud.com/hwmarket/files/application/icon144/d8db67ec7eac49688d845de2210607de.png"" onerror=""show_app_defult(this,'//app.hicloud.com/publish/static/plugin/');"" src=""http://emuirom.hicloud.com/dl/emuirom123/attachment/2016/11/07/133350dcdbe25b434c403d2fa33be5be_app_defult.png"" title=""Tchin""/>",Tchin,教育
http://app.hicloud.com/app/C10199294,"<img alt=""探探"" lazyload=""http://appimg.hicloud.com/hwmarket/files/application/icon144/97ef0ab5944f41f3935183ca637df8b8.png"" onerror=""show_app_defult(this,'//app.hicloud.com/publish/static/plugin/');"" src=""http://emuirom.hicloud.com/dl/emuirom123/attachment/2016/11/07/133350dcdbe25b434c403d2fa33be5be_app_defult.png"" title=""探探""/>",探探,社交通讯
http://app.hicloud.com/app/C10374976,"<img alt=""拼多多"" lazyload=""http://appimg.hicloud.com/hwmarket/files/application/icon144/0357d0356e43496786de5930526e175d.png"" onerror=""show_app_defult(this,'//app.hicloud.com/publish/static/plugin/');"" src=""http://emuirom.hicloud.com/dl/emuirom123/attachment/2016/11/07/133350dcdbe25b434c403d2fa33be5be_app_defult.png"" title=""拼多多""/>",拼多多,购物比价
http://app.hicloud.com/app/C262,"<img alt=""去哪儿旅行"" lazyload=""http://appimg.hicloud.com/hwmarket/files/application/icon144/f7b9143b29294e3890fa096655a6f351.png"" onerror=""show_app_defult(this,'//app.hicloud.com/publish/static/plugin/');"" src=""http://emuirom.hicloud.com/dl/emuirom123/attachment/2016/11/07/133350dcdbe25b434c403d2fa33be5be_app_defult.png"" title=""去哪儿旅行""/>",去哪儿旅行,旅游住宿
http://app.hicloud.com/app/C6045972,"<img alt=""HOLO桌面HD"" lazyload=""http://appimg.hicloud.com/hwmarket/files/application/icon144/443f6aecc1234abfa45415ecee325c18_1.png"" onerror=""show_app_defult(this,'//app.hicloud.com/publish/static/plugin/');"" src=""http://emuirom.hicloud.com/dl/emuirom123/attachment/2016/11/07/133350dcdbe25b434c403d2fa33be5be_app_defult.png"" title=""HOLO桌面HD""/>",HOLO桌面...,主题个性
http://app.hicloud.com/app/C10090437,"<img alt=""新浪彩票"" lazyload=""http://appimg.hicloud.com/hwmarket/files/application/icon144/d77fcea19425422587845bca291dfb1b_1.png"" onerror=""show_app_defult(this,'//app.hicloud.com/publish/static/plugin/');"" src=""http://emuirom.hicloud.com/dl/emuirom123/attachment/2016/11/07/133350dcdbe25b434c403d2fa33be5be_app_defult.png"" title=""新浪彩票""/>",新浪彩票,金融理财
http://app.hicloud.com/app/C9136,"<img alt=""唯品会"" lazyload=""http://appimg.hicloud.com/hwmarket/files/application/icon144/e5d522ed20334aa9b56be3035f8baa1a.png"" onerror=""show_app_defult(this,'//app.hicloud.com/publish/static/plugin/');"" src=""http://emuirom.hicloud.com/dl/emuirom123/attachment/2016/11/07/133350dcdbe25b434c403d2fa33be5be_app_defult.png"" title=""唯品会""/>",唯品会,购物比价
http://app.hicloud.com/app/C10652857,"<img alt=""抖音短视频"" lazyload=""http://appimg.hicloud.com/hwmarket/files/application/icon144/8c07a6df9cd4451a812fc72a24b053e0.png"" onerror=""show_app_defult(this,'//app.hicloud.com/publish/static/plugin/');"" src=""http://emuirom.hicloud.com/dl/emuirom123/attachment/2016/11/07/133350dcdbe25b434c403d2fa33be5be_app_defult.png"" title=""抖音短视频""/>",抖音短视频,拍摄美化
http://app.hicloud.com/app/C26008,"<img alt=""爱壁纸"" lazyload=""http://appimg.hicloud.com/hwmarket/files/application/icon144/27c6949bb3674684889840fb235caa9a.png"" onerror=""show_app_defult(this,'//app.hicloud.com/publish/static/plugin/');"" src=""http://emuirom.hicloud.com/dl/emuirom123/attachment/2016/11/07/133350dcdbe25b434c403d2fa33be5be_app_defult.png"" title=""爱壁纸""/>",爱壁纸,主题个性
http://app.hicloud.com/app/C10615071,"<img alt=""西瓜视频"" lazyload=""http://appimg.hicloud.com/hwmarket/files/application/icon144/a519683dfd6b44619ac2fab417851d55.png"" onerror=""show_app_defult(this,'//app.hicloud.com/publish/static/plugin/');"" src=""http://emuirom.hicloud.com/dl/emuirom123/attachment/2016/11/07/133350dcdbe25b434c403d2fa33be5be_app_defult.png"" title=""西瓜视频""/>",西瓜视频,影音娱乐
http://app.hicloud.com/app/C61569,"<img alt=""返利"" lazyload=""http://appimg.hicloud.com/hwmarket/files/application/icon144/90d1bfdc30a542b6ac51594728355bc0.png"" onerror=""show_app_defult(this,'//app.hicloud.com/publish/static/plugin/');"" src=""http://emuirom.hicloud.com/dl/emuirom123/attachment/2016/11/07/133350dcdbe25b434c403d2fa33be5be_app_defult.png"" title=""返利""/>",返利,购物比价
http://app.hicloud.com/app/C73686,"<img alt=""搜狐视频HD"" lazyload=""http://appimg.hicloud.com/hwmarket/files/application/icon144/0b68e5fe4c3a4708898243320f80f717.png"" onerror=""show_app_defult(this,'//app.hicloud.com/publish/static/plugin/');"" src=""http://emuirom.hicloud.com/dl/emuirom123/attachment/2016/11/07/133350dcdbe25b434c403d2fa33be5be_app_defult.png"" title=""搜狐视频HD""/>",搜狐视频HD,影音娱乐
http://app.hicloud.com/app/C57236,"<img alt=""今日头条"" lazyload=""http://appimg.hicloud.com/hwmarket/files/application/icon144/59b8eaa50d4646e290ce366bdece5a41.png"" onerror=""show_app_defult(this,'//app.hicloud.com/publish/static/plugin/');"" src=""http://emuirom.hicloud.com/dl/emuirom123/attachment/2016/11/07/133350dcdbe25b434c403d2fa33be5be_app_defult.png"" title=""今日头条""/>",今日头条,新闻阅读
http://app.hicloud.com/app/C41277,"<img alt=""苏宁易购"" lazyload=""http://appimg.hicloud.com/hwmarket/files/application/icon144/5c894bf1e59d4b419887f80eded120a5.png"" onerror=""show_app_defult(this,'//app.hicloud.com/publish/static/plugin/');"" src=""http://emuirom.hicloud.com/dl/emuirom123/attachment/2016/11/07/133350dcdbe25b434c403d2fa33be5be_app_defult.png"" title=""苏宁易购""/>",苏宁易购,购物比价
http://app.hicloud.com/app/C138984,"<img alt=""正点闹钟pad版"" lazyload=""http://appimg.hicloud.com/hwmarket/files/application/icon144/fff318bcfbc64d7fb88f57b34cbc8da7_2.png"" onerror=""show_app_defult(this,'//app.hicloud.com/publish/static/plugin/');"" src=""http://emuirom.hicloud.com/dl/emuirom123/attachment/2016/11/07/133350dcdbe25b434c403d2fa33be5be_app_defult.png"" title=""正点闹钟pad版""/>",正点闹钟pad...,实用工具
http://app.hicloud.com/app/C10067129,"<img alt=""Tchin"" lazyload=""http://appimg.hicloud.com/hwmarket/files/application/icon144/d8db67ec7eac49688d845de2210607de.png"" onerror=""show_app_defult(this,'//app.hicloud.com/publish/static/plugin/');"" src=""http://emuirom.hicloud.com/dl/emuirom123/attachment/2016/11/07/133350dcdbe25b434c403d2fa33be5be_app_defult.png"" title=""Tchin""/>",Tchin,教育
http://app.hicloud.com/app/C10199294,"<img alt=""探探"" lazyload=""http://appimg.hicloud.com/hwmarket/files/application/icon144/97ef0ab5944f41f3935183ca637df8b8.png"" onerror=""show_app_defult(this,'//app.hicloud.com/publish/static/plugin/');"" src=""http://emuirom.hicloud.com/dl/emuirom123/attachment/2016/11/07/133350dcdbe25b434c403d2fa33be5be_app_defult.png"" title=""探探""/>",探探,社交通讯
http://app.hicloud.com/app/C10374976,http://appimg.hicloud.com/hwmarket/files/application/icon144/0357d0356e43496786de5930526e175d.png,拼多多,购物比价
http://app.hicloud.com/app/C262,http://appimg.hicloud.com/hwmarket/files/application/icon144/f7b9143b29294e3890fa096655a6f351.png,去哪儿旅行,旅游住宿
http://app.hicloud.com/app/C6045972,http://appimg.hicloud.com/hwmarket/files/application/icon144/443f6aecc1234abfa45415ecee325c18_1.png,HOLO桌面...,主题个性
http://app.hicloud.com/app/C10090437,http://appimg.hicloud.com/hwmarket/files/application/icon144/d77fcea19425422587845bca291dfb1b_1.png,新浪彩票,金融理财
http://app.hicloud.com/app/C9136,http://appimg.hicloud.com/hwmarket/files/application/icon144/e5d522ed20334aa9b56be3035f8baa1a.png,唯品会,购物比价
http://app.hicloud.com/app/C10652857,http://appimg.hicloud.com/hwmarket/files/application/icon144/8c07a6df9cd4451a812fc72a24b053e0.png,抖音短视频,拍摄美化
http://app.hicloud.com/app/C26008,http://appimg.hicloud.com/hwmarket/files/application/icon144/27c6949bb3674684889840fb235caa9a.png,爱壁纸,主题个性
http://app.hicloud.com/app/C10615071,http://appimg.hicloud.com/hwmarket/files/application/icon144/a519683dfd6b44619ac2fab417851d55.png,西瓜视频,影音娱乐
http://app.hicloud.com/app/C61569,http://appimg.hicloud.com/hwmarket/files/application/icon144/90d1bfdc30a542b6ac51594728355bc0.png,返利,购物比价
http://app.hicloud.com/app/C73686,http://appimg.hicloud.com/hwmarket/files/application/icon144/0b68e5fe4c3a4708898243320f80f717.png,搜狐视频HD,影音娱乐
http://app.hicloud.com/app/C57236,http://appimg.hicloud.com/hwmarket/files/application/icon144/59b8eaa50d4646e290ce366bdece5a41.png,今日头条,新闻阅读
http://app.hicloud.com/app/C41277,http://appimg.hicloud.com/hwmarket/files/application/icon144/5c894bf1e59d4b419887f80eded120a5.png,苏宁易购,购物比价
http://app.hicloud.com/app/C138984,http://appimg.hicloud.com/hwmarket/files/application/icon144/fff318bcfbc64d7fb88f57b34cbc8da7_2.png,正点闹钟pad...,实用工具
http://app.hicloud.com/app/C10067129,http://appimg.hicloud.com/hwmarket/files/application/icon144/d8db67ec7eac49688d845de2210607de.png,Tchin,教育
http://app.hicloud.com/app/C10199294,http://appimg.hicloud.com/hwmarket/files/application/icon144/97ef0ab5944f41f3935183ca637df8b8.png,探探,社交通讯
